{"mfcc_cosine": 0.62458, "msed": 0.01796, "mae": 0.33292}