{"mfcc_cosine": 0.52724, "msed": 0.02282, "mae": 0.20703}